bc,1.46,jdk15,/Users/rbonifacio/Documents/workspace-java/api-evolution/libs/bc/bcprov-jdk15on-1.46.jar
bc,1.47,jdk15,/Users/rbonifacio/Documents/workspace-java/api-evolution/libs/bc/bcprov-jdk15on-1.47.jar
bc,1.48,jdk15,/Users/rbonifacio/Documents/workspace-java/api-evolution/libs/bc/bcprov-jdk15on-1.48.jar
bc,1.49,jdk15,/Users/rbonifacio/Documents/workspace-java/api-evolution/libs/bc/bcprov-jdk15on-1.49.jar
bc,1.50,jdk15,/Users/rbonifacio/Documents/workspace-java/api-evolution/libs/bc/bcprov-jdk15on-1.50.jar
bc,1.51,jdk15,/Users/rbonifacio/Documents/workspace-java/api-evolution/libs/bc/bcprov-jdk15on-1.51.jar
bc,1.52,jdk15,/Users/rbonifacio/Documents/workspace-java/api-evolution/libs/bc/bcprov-jdk15on-1.52.jar
bc,1.53,jdk15,/Users/rbonifacio/Documents/workspace-java/api-evolution/libs/bc/bcprov-jdk15on-1.53.jar
bc,1.54,jdk15,/Users/rbonifacio/Documents/workspace-java/api-evolution/libs/bc/bcprov-jdk15on-1.54.jar
bc,1.55,jdk15,/Users/rbonifacio/Documents/workspace-java/api-evolution/libs/bc/bcprov-jdk15on-1.55.jar
bc,1.55,jdk15,/Users/rbonifacio/Documents/workspace-java/api-evolution/libs/bc/bcprov-jdk15on-1.56.jar
bc,1.55,jdk15,/Users/rbonifacio/Documents/workspace-java/api-evolution/libs/bc/bcprov-jdk15on-1.57.jar
bc,1.55,jdk15,/Users/rbonifacio/Documents/workspace-java/api-evolution/libs/bc/bcprov-jdk15on-1.58.jar
bc,1.55,jdk15,/Users/rbonifacio/Documents/workspace-java/api-evolution/libs/bc/bcprov-jdk15on-1.59.jar
bc,1.55,jdk15,/Users/rbonifacio/Documents/workspace-java/api-evolution/libs/bc/bcprov-jdk15on-1.60.jar