bc,130,jdk12,/Users/rbonifacio/Documents/workspace-java/api-evolution/libs/bc/bcprov-jdk12-130.jar
bc,1.38,jdk14,/Users/rbonifacio/Documents/workspace-java/api-evolution/libs/bc/bcprov-jdk14-1.38.jar
bc,1.44,jdk14,/Users/rbonifacio/Documents/workspace-java/api-evolution/libs/bc/bcprov-jdk14-1.43.jar
bc,1.45,jdk14,/Users/rbonifacio/Documents/workspace-java/api-evolution/libs/bc/bcprov-jdk14-1.43.jar
bc,1.46,jdk14,/Users/rbonifacio/Documents/workspace-java/api-evolution/libs/bc/bcprov-jdk14-1.43.jar
bc,1.47,jdk14,/Users/rbonifacio/Documents/workspace-java/api-evolution/libs/bc/bcprov-jdk14-1.43.jar
bc,1.48,jdk14,/Users/rbonifacio/Documents/workspace-java/api-evolution/libs/bc/bcprov-jdk14-1.43.jar
bc,1.49,jdk14,/Users/rbonifacio/Documents/workspace-java/api-evolution/libs/bc/bcprov-jdk14-1.43.jar
bc,1.50,jdk14,/Users/rbonifacio/Documents/workspace-java/api-evolution/libs/bc/bcprov-jdk14-1.50.jar
bc,1.51,jdk14,/Users/rbonifacio/Documents/workspace-java/api-evolution/libs/bc/bcprov-jdk14-1.51.jar
bc,1.53,jdk14,/Users/rbonifacio/Documents/workspace-java/api-evolution/libs/bc/bcprov-jdk14-1.53.jar
bc,1.54,jdk14,/Users/rbonifacio/Documents/workspace-java/api-evolution/libs/bc/bcprov-jdk14-1.54.jar
bc,1.55,jdk14,/Users/rbonifacio/Documents/workspace-java/api-evolution/libs/bc/bcprov-jdk14-1.55.jar
bc,1.56,jdk14,/Users/rbonifacio/Documents/workspace-java/api-evolution/libs/bc/bcprov-jdk14-1.56.jar
bc,1.57,jdk14,/Users/rbonifacio/Documents/workspace-java/api-evolution/libs/bc/bcprov-jdk14-1.57.jar
bc,1.58,jdk14,/Users/rbonifacio/Documents/workspace-java/api-evolution/libs/bc/bcprov-jdk14-1.58.jar
bc,1.59,jdk14,/Users/rbonifacio/Documents/workspace-java/api-evolution/libs/bc/bcprov-jdk14-1.59.jar
bc,1.60,jdk14,/Users/rbonifacio/Documents/workspace-java/api-evolution/libs/bc/bcprov-jdk14-1.60.jar
bc,1.32,jdk15,/Users/rbonifacio/Documents/workspace-java/api-evolution/libs/bc/bcprov-jdk15-1.32.jar
bc,1.38,jdk15,/Users/rbonifacio/Documents/workspace-java/api-evolution/libs/bc/bcprov-jdk15-1.38.jar
bc,1.40,jdk15,/Users/rbonifacio/Documents/workspace-java/api-evolution/libs/bc/bcprov-jdk15-1.40.jar
bc,1.43,jdk15,/Users/rbonifacio/Documents/workspace-java/api-evolution/libs/bc/bcprov-jdk15-1.43.jar
bc,1.44,jdk15,/Users/rbonifacio/Documents/workspace-java/api-evolution/libs/bc/bcprov-jdk15-1.44.jar
bc,1.45,jdk15,/Users/rbonifacio/Documents/workspace-java/api-evolution/libs/bc/bcprov-jdk15-1.45.jar
bc,1.46,jdk15,/Users/rbonifacio/Documents/workspace-java/api-evolution/libs/bc/bcprov-jdk15-1.46.jar
bc,1.46,jdk15on,/Users/rbonifacio/Documents/workspace-java/api-evolution/libs/bc/bcprov-jdk15on-1.46.jar
bc,1.47,jdk15on,/Users/rbonifacio/Documents/workspace-java/api-evolution/libs/bc/bcprov-jdk15on-1.47.jar
bc,1.48,jdk15on,/Users/rbonifacio/Documents/workspace-java/api-evolution/libs/bc/bcprov-jdk15on-1.48.jar
bc,1.49,jdk15on,/Users/rbonifacio/Documents/workspace-java/api-evolution/libs/bc/bcprov-jdk15on-1.49.jar
bc,1.50,jdk15on,/Users/rbonifacio/Documents/workspace-java/api-evolution/libs/bc/bcprov-jdk15on-1.50.jar
bc,1.51,jdk15on,/Users/rbonifacio/Documents/workspace-java/api-evolution/libs/bc/bcprov-jdk15on-1.51.jar
bc,1.52,jdk15on,/Users/rbonifacio/Documents/workspace-java/api-evolution/libs/bc/bcprov-jdk15on-1.52.jar
bc,1.53,jdk15on,/Users/rbonifacio/Documents/workspace-java/api-evolution/libs/bc/bcprov-jdk15on-1.53.jar
bc,1.54,jdk15on,/Users/rbonifacio/Documents/workspace-java/api-evolution/libs/bc/bcprov-jdk15on-1.54.jar
bc,1.55,jdk15on,/Users/rbonifacio/Documents/workspace-java/api-evolution/libs/bc/bcprov-jdk15on-1.55.jar
bc,1.55,jdk15on,/Users/rbonifacio/Documents/workspace-java/api-evolution/libs/bc/bcprov-jdk15on-1.56.jar
bc,1.55,jdk15on,/Users/rbonifacio/Documents/workspace-java/api-evolution/libs/bc/bcprov-jdk15on-1.57.jar
bc,1.55,jdk15on,/Users/rbonifacio/Documents/workspace-java/api-evolution/libs/bc/bcprov-jdk15on-1.58.jar
bc,1.55,jdk15on,/Users/rbonifacio/Documents/workspace-java/api-evolution/libs/bc/bcprov-jdk15on-1.59.jar
bc,1.55,jdk15on,/Users/rbonifacio/Documents/workspace-java/api-evolution/libs/bc/bcprov-jdk15on-1.60.jar